Location,CODING TRICYCLE - NUMBER CODING ORDINANCE,"COLORUM JEEP, VAN BUS",COLORUM TRICYCLE - NUMBER CODING ORDINANCE,DISCOURTEOUS/ARROGANT DRIVER,DISREGARDING TRAFFIC SIGN/OFFICER,DRIVING NOT WEARING SHOES,DRIVING UNDER THE INFLUENCE OF LIQUOR,DRIVING W/SLEEVELESS SHIRT & SHORT,DRIVING WITH INVALID DRIVERS LICENSE,ILLEGAL PARKING,ILLEGAL TERMINAL,LOI 1482,NO CANVASS COVER-TRUCK,NO DRIVERS LICENSE,NO HELMET,"NO PROF. DRIVER (OPTR.PUV, HEAVY EQ, AGRI. MACH)",NO SIDE MIRROR,NUISANCE MUFFLER/34J,OBSTRUCTION,OPERATING OUT OF LINE,OR/CR NOT CARRIED,OVERLOADING,RA 4136,RECKLESS DRIVING,REFUSAL TO SIGN TRAFFIC CIT.TICKET,STUDENT PERMIT NOT ACCOMPANIED BY LICENSED DRIVER,TAMPERED STICKER N.C.O.,UNREGISTERED MOTOR VEHICLE,Total Violations,Cluster,Risk Level,Recommendation
J.P Laurel St. corner C alcvarez St.,16,0,15,1,26,2,0,0,5,58,1,7,1,57,0,0,1,2,8,7,3,6,0,3,1,1,0,0,221,1,High Risk,Prioritize the location for traffic-enforcer deployment. Increase patrol visibility during peak traffic periods. Closely monitor congestion and possible road incidents. Prepare public advisories when traffic conditions worsen.
J.P. Laurel St. corner Consuelo St.,11,0,5,0,8,1,0,1,2,33,1,6,0,26,0,0,0,1,2,5,1,5,0,3,0,0,0,0,111,1,High Risk,Prioritize the location for traffic-enforcer deployment. Increase patrol visibility during peak traffic periods. Closely monitor congestion and possible road incidents. Prepare public advisories when traffic conditions worsen.
J.P. Laurel St. corner J.P. Rizal St.,15,0,5,1,7,0,1,1,4,26,3,4,0,29,0,0,0,1,4,2,5,0,0,1,1,1,0,0,111,1,High Risk,Prioritize the location for traffic-enforcer deployment. Increase patrol visibility during peak traffic periods. Closely monitor congestion and possible road incidents. Prepare public advisories when traffic conditions worsen.
J.P. Laurel St. corner Ruiz Martinez St.,8,0,8,1,10,0,0,0,2,34,1,3,0,23,0,0,1,1,5,5,0,4,0,3,1,1,0,0,111,1,High Risk,Prioritize the location for traffic-enforcer deployment. Increase patrol visibility during peak traffic periods. Closely monitor congestion and possible road incidents. Prepare public advisories when traffic conditions worsen.
J.P Laurel St. corner Escalera St.,10,0,8,2,15,1,0,2,3,39,0,6,0,35,0,0,1,1,3,4,2,0,0,1,3,1,1,1,139,2,Medium Risk,Maintain regular patrol visibility. Schedule additional monitoring during busy periods. Review recurring violation types in the area.
J.P. Laurel St. corner Concepcion St.,17,0,8,2,11,3,0,3,0,27,1,5,0,32,0,0,2,3,3,5,1,0,1,0,1,0,1,1,127,2,Medium Risk,Maintain regular patrol visibility. Schedule additional monitoring during busy periods. Review recurring violation types in the area.
J.P Laurel St. corner F Alix St.,9,0,4,3,20,1,0,1,1,32,0,4,0,25,0,1,2,2,0,4,0,3,0,2,2,0,0,0,116,2,Medium Risk,Maintain regular patrol visibility. Schedule additional monitoring during busy periods. Review recurring violation types in the area.
"Wawa, Nasugbu",9,0,1,0,1,0,1,0,1,2,1,0,0,20,0,0,0,6,0,0,4,0,1,1,0,0,0,0,48,0,Low Risk,Continue routine traffic monitoring. Maintain the standard enforcer schedule. Reassess the location when new records become available.
"Kaylaway, Nasugbu",11,1,0,0,1,0,1,0,1,2,0,0,0,17,0,1,0,1,3,0,2,1,2,1,0,0,0,0,45,0,Low Risk,Continue routine traffic monitoring. Maintain the standard enforcer schedule. Reassess the location when new records become available.
"Banilad, Nasugbu",2,0,0,0,1,1,2,1,1,3,1,0,0,15,0,0,0,7,0,0,1,1,0,2,0,0,0,0,38,0,Low Risk,Continue routine traffic monitoring. Maintain the standard enforcer schedule. Reassess the location when new records become available.
"Pantalan, Nasugbu",4,0,0,0,1,0,2,0,0,4,0,0,0,18,0,0,0,4,0,0,4,1,0,0,0,0,0,0,38,0,Low Risk,Continue routine traffic monitoring. Maintain the standard enforcer schedule. Reassess the location when new records become available.
"Bucana, Nasugbu",7,0,0,0,2,1,1,0,1,2,0,0,0,10,0,0,0,3,2,0,3,2,2,1,0,0,0,0,37,0,Low Risk,Continue routine traffic monitoring. Maintain the standard enforcer schedule. Reassess the location when new records become available.
"Natipuan, Nasugbu",10,0,0,0,0,0,1,0,0,1,0,0,0,15,0,0,0,1,0,0,4,1,0,2,0,0,0,0,35,0,Low Risk,Continue routine traffic monitoring. Maintain the standard enforcer schedule. Reassess the location when new records become available.
"Aga, Nasugbu",7,0,0,0,1,0,1,0,0,2,1,0,0,13,1,0,0,3,1,0,2,0,0,0,0,0,0,0,32,0,Low Risk,Continue routine traffic monitoring. Maintain the standard enforcer schedule. Reassess the location when new records become available.
"Sagbat, Nasugbu",6,0,0,0,1,1,0,0,1,3,0,0,0,10,0,0,0,3,0,0,3,0,2,0,0,0,0,0,30,0,Low Risk,Continue routine traffic monitoring. Maintain the standard enforcer schedule. Reassess the location when new records become available.
